{"episode_types": ["t", "t", "t", "t", "t", "t", "t", "t", "t", "t", "t", "t", "t", "t", "t", "t", "t", "t", "t", "t", "t", "t", "t", "t", "t", "t", "t", "t", "t", "t", "t", "t", "t", "t", "t", "t", "t", "t", "t", "t", "t", "t", "t", "t", "t", "t", "t", "t", "t", "t", "t", "t", "t", "t", "t", "t", "t", "t", "t", "t", "t", "t", "t", "t", "t", "t", "t", "t", "t", "t", "t", "t", "t", "t", "t", "t", "t", "t", "t", "t", "t", "t", "t", "t", "t"], "timestamps": [1519774587.561625, 1519774596.1012697, 1519774596.7451613, 1519774596.9088068, 1519774597.0790021, 1519774597.2419848, 1519774597.4013176, 1519774597.5588443, 1519774606.6136384, 1519774607.2769341, 1519774607.4393313, 1519774607.6008258, 1519774607.7638493, 1519774607.9261065, 1519774608.0907059, 1519774608.266285, 1519774608.4531903, 1519774608.6124778, 1519774608.7707782, 1519774608.9254432, 1519774609.0842464, 1519774609.2429307, 1519774609.4001646, 1519774609.557813, 1519774609.7132633, 1519774609.8672693, 1519774610.0552518, 1519774618.1255789, 1519774618.8087654, 1519774618.9998477, 1519774619.195685, 1519774619.3585942, 1519774619.5235038, 1519774619.6809423, 1519774619.8427694, 1519774620.028687, 1519774620.1879349, 1519774620.3426814, 1519774620.4991524, 1519774620.6537807, 1519774620.8104477, 1519774620.9656107, 1519774621.121471, 1519774621.2773209, 1519774621.4318266, 1519774621.584373, 1519774621.7376652, 1519774621.891922, 1519774622.0460498, 1519774622.217526, 1519774622.3703072, 1519774622.5221002, 1519774622.6755378, 1519774622.8299751, 1519774622.9858518, 1519774623.1395855, 1519774623.293205, 1519774623.444855, 1519774623.5973203, 1519774623.7506778, 1519774623.9031103, 1519774624.0578978, 1519774624.2117844, 1519774624.3670025, 1519774633.6754951, 1519774634.4838617, 1519774634.6726756, 1519774634.8397548, 1519774635.0605965, 1519774635.3146167, 1519774635.5575578, 1519774635.722118, 1519774635.8821027, 1519774636.0423996, 1519774636.254033, 1519774636.4136212, 1519774636.5861742, 1519774636.7465305, 1519774636.9058867, 1519774637.070498, 1519774637.2358801, 1519774637.395475, 1519774637.5751593, 1519774637.74492], "initial_reset_timestamp": 1519774574.5519466, "episode_rewards": [200.0, 200.0, 200.0, 200.0, 200.0, 200.0, 200.0, 200.0, 200.0, 200.0, 200.0, 200.0, 200.0, 200.0, 200.0, 200.0, 200.0, 200.0, 200.0, 200.0, 200.0, 200.0, 200.0, 200.0, 200.0, 200.0, 200.0, 200.0, 200.0, 200.0, 200.0, 200.0, 200.0, 200.0, 200.0, 200.0, 200.0, 200.0, 200.0, 200.0, 200.0, 200.0, 200.0, 200.0, 200.0, 200.0, 200.0, 200.0, 200.0, 200.0, 200.0, 200.0, 200.0, 200.0, 200.0, 200.0, 200.0, 200.0, 200.0, 200.0, 200.0, 200.0, 200.0, 200.0, 200.0, 200.0, 200.0, 200.0, 200.0, 200.0, 200.0, 200.0, 200.0, 200.0, 200.0, 200.0, 200.0, 200.0, 200.0, 200.0, 200.0, 200.0, 200.0, 200.0], "episode_lengths": [200, 200, 200, 200, 200, 200, 200, 200, 200, 200, 200, 200, 200, 200, 200, 200, 200, 200, 200, 200, 200, 200, 200, 200, 200, 200, 200, 200, 200, 200, 200, 200, 200, 200, 200, 200, 200, 200, 200, 200, 200, 200, 200, 200, 200, 200, 200, 200, 200, 200, 200, 200, 200, 200, 200, 200, 200, 200, 200, 200, 200, 200, 200, 200, 200, 200, 200, 200, 200, 200, 200, 200, 200, 200, 200, 200, 200, 200, 200, 200, 200, 200, 200, 200]}